 	 	 	 	 	 	 	 	 	 	 	 	 	26		
 	 	 	 	 	 	 	 	 	 	 	 	 	26		
 	 	 	 	 	 	 	 	 	 	 	 	 	26		
 	 	 	 	 	 	 	 	 	 	 	 	 	26		
 	 	 	 	 	 	 	 	 	 	 	 	 	26		
 	 	 	 	 	 	 	 	 	 	 	 	 	26		
 	 	 	 	 	 	 	 	 	 	 	 	 	26		
 	 	 	 	 	 	 	 	 	 	 	 	 	26		
 	 	 	 	 	 	 	 	 	 	 	 	 	26		
 	 	 	 	 	 	 	 	 	 	 	 	 	26		
 	 	 	 	 	 	 	 	 	 	 	 	 	26		
 	 	 	 	 	 	 	 	 	 	 	 	 	26		
 	 	54	 	 	 	 	 	 	91	91	 	 	26		
 	 	46	91	87v	86	86	86	87	91	91	 	 	26		
 	 	46	 	 	 	 	 	 	 	 	 	 	26		
 	 	46	 	 	 	 	 	 	 	 	 	 	26		
 	 	46	 	 	 	 	 	 	 	 	 	 	26		
 	 	46	 	 	 	 	 	 	 	 	 	 	26		
 	 	46	 	 	 	 	 	 	 	 	 	 	19		
91	91	91	91	91	91	91	91	91	91	91	91	11	10	11	91
91	91	91	91	91	91	91	91	91	91	91	91	11	10	11	91
91	91	91	91	91	91	91	91	91	91	91	91	11	10	11	91
91	91	91	91	91	91	91	91	91	91	91	91	11	10	11	91
91	91	91	91	91	91	91	91	91	91	91	91	11	10	11	91
91	91	91	91	91	91	91	91	91	91	91	91	11	10	11	91
91	91	91	91	91	91	91	91	91	91	91	91	11	10	11	91
